Anio;Mes;Dia;Hora;Monitorizar;Redirigir;Interno;Externo;Externo;Cableada;Wifi
2014;11;30;06;32;1;316;232;232;349;0
2014;11;30;07;384;23;3326;5123;5123;3731;2
2014;11;30;08;384;27;3558;10289;10289;3764;205
2014;11;30;09;384;90;3855;24907;24907;4051;278
2014;11;30;10;384;188;4114;48096;48096;4075;611
2014;11;30;11;384;321;5134;75442;75442;4456;1383
2014;11;30;12;384;375;7001;86439;86439;5477;2283
2014;11;30;13;384;363;6169;81596;81596;5048;1868
2014;11;30;14;368;250;5775;60252;60252;4183;2210
2014;11;30;15;352;254;6457;63989;63989;4433;2630
2014;11;30;16;368;360;10785;82264;82264;5195;6318
2014;11;30;17;384;388;9407;98252;98252;5241;4938
2014;11;30;18;384;508;10730;111949;111949;5474;6148
2014;11;30;19;384;473;9220;109037;109037;4910;5167
2014;11;30;20;384;416;7245;110487;110487;4712;3333
2014;11;30;21;384;378;7111;87747;87747;4607;3266
2014;11;30;22;384;316;5896;83148;83148;4319;2277
2014;11;30;23;384;261;4922;63928;63928;4239;1328
2014;12;01;00;368;143;4542;36321;36321;4130;923
2014;12;01;01;368;64;4213;16883;16883;3850;795
2014;12;01;02;367;29;3370;11746;11746;3689;77
2014;12;01;03;384;10;3454;7984;7984;3717;131
2014;12;01;04;383;11;3346;6271;6271;3740;0
2014;12;01;05;384;14;3430;6286;6286;3727;101
2014;12;01;06;383;27;3657;9165;9165;3888;179
2014;12;01;07;384;60;6275;20619;20619;4269;2450
2014;12;01;08;384;315;45231;33695;33695;20131;25799
2014;12;01;09;384;449;89480;51379;51379;44913;45400
2014;12;01;10;383;621;105852;67692;67692;56438;50418
2014;12;01;11;384;698;97134;74100;74100;47455;50761
2014;12;01;12;384;705;94565;77903;77903;48333;47321
2014;12;01;13;383;511;64763;77910;77910;42718;22939
2014;12;01;14;384;444;47441;66904;66904;32712;15557
2014;12;01;15;384;575;60132;87098;87098;31357;29734
2014;12;01;16;384;640;68792;97466;97466;32676;37140
2014;12;01;17;384;664;50756;111118;111118;21539;30265
2014;12;01;18;384;652;50406;116025;116025;27573;23869
2014;12;01;19;384;585;38485;109825;109825;21409;18045
2014;12;01;20;384;485;16024;109276;109276;9297;7596
2014;12;01;21;384;390;8211;102155;102155;5380;3605
2014;12;01;22;384;384;6808;87360;87360;4755;2821
2014;12;01;23;384;249;6029;68279;68279;4786;1876
2014;12;02;00;382;133;5316;34736;34736;4141;1690
2014;12;02;01;384;60;4268;15324;15324;3994;718
2014;12;02;02;384;22;3741;9239;9239;3827;320
2014;12;02;03;384;14;3517;5864;5864;3828;87
2014;12;02;04;384;10;3632;5151;5151;3850;176
2014;12;02;05;384;4;3433;4293;4293;3821;0
2014;12;02;06;383;8;3967;7035;7035;4175;183
2014;12;02;07;384;64;5567;16399;16399;5031;984
2014;12;02;08;384;260;41366;27522;27522;17516;24494
2014;12;02;09;384;456;85836;43539;43539;38797;47879
2014;12;02;10;384;568;92987;55634;55634;40808;53131
2014;12;02;11;384;695;94837;67097;67097;47248;48668
2014;12;02;12;384;535;72986;63217;63217;34393;39512
2014;12;02;13;384;467;52198;66088;66088;32332;20717
2014;12;02;14;384;403;42708;61160;61160;27667;15828
2014;12;02;15;384;510;63567;51063;51063;29905;34556
2014;12;02;16;384;615;68464;83083;83083;33156;36307
2014;12;02;17;384;605;55742;92932;92932;25203;31528
2014;12;02;18;384;607;48442;94232;94232;22248;27185
2014;12;02;19;384;546;29469;94467;94467;17172;13227
2014;12;02;20;384;411;14356;87139;87139;8349;6802
2014;12;02;21;384;413;7807;87127;87127;4935;3669
2014;12;02;22;382;317;6274;75800;75800;4551;2422
2014;12;02;23;384;266;5332;71661;71661;4640;1342
2014;12;03;00;383;142;5332;32764;32764;4615;1242
2014;12;03;01;384;63;5437;16928;16928;4058;1826
2014;12;03;02;383;21;3757;8046;8046;3926;235
2014;12;03;03;384;14;3465;6140;6140;3828;35
2014;12;03;04;384;16;3648;4923;4923;3853;195
2014;12;03;05;384;9;3435;5335;5335;3828;0
2014;12;03;06;384;18;3717;4935;4935;4086;33
2014;12;03;07;384;51;5527;15788;15788;4457;1505
2014;12;03;08;384;323;42048;31535;31535;19957;22798
2014;12;03;09;384;447;66756;47223;47223;32817;34770
2014;12;03;10;384;541;81259;60552;60552;45553;36631
2014;12;03;11;384;630;85441;69882;69882;41076;45379
2014;12;03;12;384;563;75259;72637;72637;42017;34189
2014;12;03;13;384;531;58277;82529;82529;34276;24916
2014;12;03;14;384;428;33690;77828;77828;20297;14205
2014;12;03;15;384;522;43603;82137;82137;21119;23390
2014;12;03;16;384;526;49903;89993;89993;22121;28692
2014;12;03;17;384;536;50348;90043;90043;25362;25906
2014;12;03;18;384;562;42071;94739;94739;17714;25303
2014;12;03;19;384;470;30595;86129;86129;14604;16845
2014;12;03;20;384;492;15050;92570;92570;10227;5699
2014;12;03;21;384;416;10909;85802;85802;9413;2296
2014;12;03;22;384;340;7819;75770;75770;5065;3478
2014;12;03;23;384;253;6096;61369;61369;4465;2268
2014;12;04;00;384;139;5508;33458;33458;4743;1288
2014;12;04;01;384;61;4520;16850;16850;4111;854
2014;12;04;02;383;38;3901;9124;9124;3838;484
2014;12;04;03;384;12;3647;5113;5113;3887;156
2014;12;04;04;384;53;3589;3901;3901;3965;61
2014;12;04;05;383;9;3437;3569;3569;3829;0
2014;12;04;06;384;21;3641;5225;5225;3962;84
2014;12;04;07;384;73;5689;14762;14762;4858;1288
2014;12;04;08;384;318;45600;28756;28756;19093;27209
2014;12;04;09;384;462;70110;43219;43219;33966;36990
2014;12;04;10;384;538;85839;51389;51389;42390;44371
2014;12;04;11;384;599;90692;56332;56332;45822;45853
2014;12;04;12;384;486;66288;58823;58823;37716;29442
2014;12;04;13;384;395;50852;53928;53928;30343;21288
2014;12;04;14;384;359;44908;58520;58520;24712;20939
2014;12;04;15;384;447;52599;68340;68340;25500;27930
2014;12;04;16;384;491;51624;68978;68978;24475;28024
2014;12;04;17;384;574;47781;91936;91936;23041;25698
2014;12;04;18;384;550;40158;103230;103230;20393;20699
2014;12;04;19;384;448;23301;79641;79641;13001;11132
2014;12;04;20;384;376;11947;82301;82301;7450;5257
2014;12;04;21;384;372;6609;72932;72932;4982;2383
2014;12;04;22;384;278;6223;63064;63064;4309;2576
2014;12;04;23;384;238;5853;53487;53487;4811;1664
2014;12;05;00;381;110;5148;27596;27596;4123;1516
2014;12;05;01;384;45;4837;15294;15294;3982;1284
2014;12;05;02;383;26;4703;7594;7594;3895;1217
2014;12;05;03;384;6;3709;4203;4203;3816;283
2014;12;05;04;384;11;3550;4613;4613;3851;94
2014;12;05;05;384;16;3436;3128;3128;3836;0
2014;12;05;06;384;16;3767;4221;4221;4019;148
2014;12;05;07;384;49;5930;13165;13165;5025;1338
2014;12;05;08;384;310;46666;28507;28507;24902;22458
2014;12;05;09;384;372;55847;53210;53210;31424;25179
2014;12;05;10;384;458;55411;58077;58077;30636;25617
2014;12;05;11;384;437;57130;51171;51171;32790;25161
2014;12;05;12;384;398;55132;53232;53232;36248;19666
2014;12;05;13;384;311;42429;53911;53911;30187;12937
2014;12;05;14;384;298;24102;49493;49493;15895;8889
2014;12;05;15;384;308;34847;55087;55087;17892;17647
2014;12;05;16;384;363;31462;62087;62087;17030;15179
2014;12;05;17;384;344;24795;58308;58308;14030;11493
2014;12;05;18;384;291;23753;55987;55987;14761;9667
2014;12;05;19;384;244;11709;54973;54973;7188;5149
2014;12;05;20;384;202;7411;54201;54201;5585;2412
2014;12;05;21;384;181;6489;45866;45866;4929;2125
2014;12;05;22;383;157;4539;38940;38940;4266;813
2014;12;05;23;380;136;4906;34069;34069;4201;1221
2014;12;06;00;384;101;4495;24166;24166;4087;893
2014;12;06;01;384;61;3845;12322;12322;4030;260
2014;12;06;02;384;25;3717;6347;6347;3842;284
2014;12;06;03;384;9;3547;3440;3440;3820;120
2014;12;06;04;384;9;3508;3303;3303;3851;50
2014;12;06;05;384;7;3541;2934;2934;3828;104
2014;12;06;06;384;13;3477;1857;1857;3829;45
2014;12;06;07;384;11;3431;4970;4970;3826;0
2014;12;06;08;384;46;3946;11012;11012;4093;283
2014;12;06;09;384;103;4828;27023;27023;4282;1033
2014;12;06;10;384;181;4423;44155;44155;4177;811
2014;12;06;11;384;274;7159;60067;60067;4714;3103
2014;12;06;12;384;333;6506;69748;69748;4522;2701
2014;12;06;13;384;259;5943;62015;62015;4762;1824
2014;12;06;14;383;205;4626;44112;44112;4351;863
2014;12;06;15;384;192;5385;42984;42984;4636;1325
2014;12;06;16;384;194;7277;42661;42661;4735;3120
2014;12;06;17;384;244;6111;47541;47541;4341;2398
2014;12;06;18;384;215;5850;47091;47091;4465;1984
2014;12;06;19;384;181;5894;44525;44525;4398;2061
2014;12;06;20;384;151;4513;36914;36914;4147;901
2014;12;06;21;384;96;4273;30677;30677;4165;588
2014;12;06;22;384;79;3900;23673;23673;4074;289
2014;12;06;23;384;58;4204;18305;18305;4122;524
2014;12;07;00;384;48;4099;13979;13979;4039;492
2014;12;07;01;384;26;3747;9683;9683;4064;93
2014;12;07;02;384;18;3507;5484;5484;3847;62
2014;12;07;03;384;10;3513;4422;4422;3825;82
2014;12;07;04;384;24;3508;2918;2918;3865;51
2014;12;07;05;384;4;3437;3482;3482;3823;2
2014;12;07;06;384;5;3444;2576;2576;3818;15
2014;12;07;07;384;6;3448;2663;2663;3820;18
2014;12;07;08;384;21;3688;6759;6759;3862;231
2014;12;07;09;384;85;4449;16317;16317;4151;767
2014;12;07;10;384;139;4350;35081;35081;4192;681
2014;12;07;11;384;199;5143;47362;47362;4829;897
2014;12;07;12;384;281;5265;58687;58687;4967;963
2014;12;07;13;384;268;5021;52105;52105;4758;915
2014;12;07;14;384;166;4974;39249;39249;4434;1090
2014;12;07;15;384;187;5870;43158;43158;5013;1428
2014;12;07;16;384;220;5233;46220;46220;4660;1177
2014;12;07;17;384;309;5661;54870;54870;4585;1769
2014;12;07;18;384;282;7112;55727;55727;4972;2806
2014;12;07;19;384;295;6598;58323;58323;4700;2577
2014;12;07;20;384;208;5162;48972;48972;4459;1295
2014;12;07;21;384;186;6107;40810;40810;4366;2311
2014;12;07;22;384;165;4801;39896;39896;4155;1195
2014;12;07;23;384;134;4896;30476;30476;4198;1216
2014;12;08;00;384;88;4013;23238;23238;4075;410
2014;12;08;01;383;44;4114;12958;12958;3976;565
2014;12;08;02;384;17;3735;6903;6903;3842;294
2014;12;08;03;383;17;3495;6317;6317;3831;64
2014;12;08;04;384;16;3610;4297;4297;3983;27
2014;12;08;05;384;2;3461;4024;4024;3820;27
2014;12;08;06;384;9;3441;3109;3109;3825;9
2014;12;08;07;384;13;3505;4469;4469;3828;74
2014;12;08;08;384;50;3989;10614;10614;4108;315
2014;12;08;09;384;148;5886;29911;29911;5136;1282
2014;12;08;10;384;233;7401;58980;58980;5056;2962
2014;12;08;11;384;336;7348;79650;79650;5386;2682
2014;12;08;12;384;334;7411;86293;86293;4999;3130
2014;12;08;13;384;350;7753;79776;79776;5621;2866
2014;12;08;14;384;303;6819;60524;60524;4854;2652
2014;12;08;15;384;339;8688;75070;75070;4754;4657
2014;12;08;16;384;370;10265;85795;85795;5777;5242
2014;12;08;17;384;433;11287;95816;95816;6805;5299
2014;12;08;18;384;485;9845;95022;95022;5809;4905
2014;12;08;19;384;470;9041;93312;93312;5441;4454
2014;12;08;20;384;382;6955;93032;93032;4570;3151
2014;12;08;21;384;367;6586;79272;79272;4734;2603
2014;12;08;22;384;326;6021;74247;74247;4935;1796
2014;12;08;23;384;219;5595;52769;52769;4376;1822
2014;12;09;00;384;124;4747;36866;36866;4095;1160
2014;12;09;01;384;72;4503;16343;16343;4028;931
2014;12;09;02;383;26;3719;9356;9356;3844;284
2014;12;09;03;384;16;3520;8103;8103;3831;89
2014;12;09;04;384;25;3505;5640;5640;3864;50
2014;12;09;05;383;9;3495;5745;5745;3839;48
2014;12;09;06;384;30;3624;7770;7770;4037;1
2014;12;09;07;384;66;6813;14976;14976;5443;1820
2014;12;09;08;384;273;52540;32014;32014;25858;27339
2014;12;09;09;384;504;80606;50619;50619;37081;44413
2014;12;09;10;383;643;93454;64391;64391;45255;49225
2014;12;09;11;382;720;103313;71766;71766;47231;57184
2014;12;09;12;384;613;79137;75791;75791;41395;38739
2014;12;09;13;384;466;54657;68137;68137;33321;22186
2014;12;09;14;382;427;47308;65729;65729;31432;16685
2014;12;09;15;384;583;61552;82875;82875;32808;29711
2014;12;09;16;383;654;68884;97626;97626;34378;35543
2014;12;09;17;384;655;67739;100701;100701;37315;31463
2014;12;09;18;384;738;49135;111877;111877;23839;26418
2014;12;09;19;384;675;36321;120456;120456;17639;19741
2014;12;09;20;384;511;16038;102371;102371;9486;7447
2014;12;09;21;384;457;8920;100673;100673;5755;4006
2014;12;09;22;381;407;7460;90545;90545;4867;3381
2014;12;09;23;384;304;6411;72322;72322;4475;2624
2014;12;10;00;384;192;5182;39550;39550;4402;1356
2014;12;10;01;364;72;4448;20693;20693;4004;880
2014;12;10;02;366;29;3645;9259;9259;3796;244
2014;12;10;03;384;13;3467;7576;7576;3827;37
2014;12;10;04;384;17;3569;5043;5043;3857;113
2014;12;10;05;384;15;3435;5030;5030;3834;0
2014;12;10;06;384;19;3621;6791;6791;3878;146
2014;12;10;07;384;77;6495;15865;15865;4954;2002
2014;12;10;08;384;1762;43965;34717;34717;19908;26203
2014;12;10;09;384;504;72897;45942;45942;33351;40434
2014;12;10;10;384;541;81946;59040;59040;43394;39477
2014;12;10;11;384;623;90309;67617;67617;51118;40198
2014;12;10;12;384;556;81659;63898;63898;45888;36711
2014;12;10;13;384;499;63367;71712;71712;35192;29058
2014;12;10;14;384;341;37232;61216;61216;21459;16498
2014;12;10;15;384;517;49530;71729;71729;25892;24539
2014;12;10;16;384;638;56267;91695;91695;23820;33469
2014;12;10;17;382;659;52632;96030;96030;21604;32069
2014;12;10;18;384;593;48877;99813;99813;21238;28616
2014;12;10;19;384;526;38182;100447;100447;19783;19309
2014;12;10;20;384;423;16701;98139;98139;8775;8733
2014;12;10;21;384;426;9377;91491;91491;6288;3899
2014;12;10;22;384;418;9069;87169;87169;5511;4360
2014;12;10;23;378;318;8078;67530;67530;5662;3112
2014;12;11;00;383;147;6184;32264;32264;4747;1967
2014;12;11;01;384;75;4193;15296;15296;4121;531
2014;12;11;02;382;33;4060;7250;7250;4047;428
2014;12;11;03;384;16;3502;4054;4054;3866;36
2014;12;11;04;384;15;3533;3392;3392;3857;75
2014;12;11;05;384;12;3446;2741;2741;3832;10
2014;12;11;06;384;18;3566;4024;4024;3831;137
2014;12;11;07;384;49;6042;16084;16084;4892;1583
2014;12;11;08;383;290;47917;28359;28359;19793;28797
2014;12;11;09;384;468;80155;51218;51218;39518;41489
2014;12;11;10;384;586;85352;65769;65769;49461;36861
2014;12;11;11;384;615;98596;69739;69739;55387;44208
2014;12;11;12;384;537;76661;70987;70987;41036;36546
2014;12;11;13;384;465;58595;60893;60893;33924;25520
2014;12;11;14;384;455;46468;63146;63146;27850;19457
2014;12;11;15;384;477;54636;42352;42352;25101;30396
2014;12;11;16;384;587;55065;90653;90653;24041;31995
2014;12;11;17;384;540;43959;89915;89915;19549;25334
2014;12;11;18;384;467;40879;81805;81805;19843;21887
2014;12;11;19;384;453;26926;87074;87074;14613;13150
2014;12;11;20;384;396;14460;85695;85695;6964;8276
2014;12;11;21;384;319;9200;76417;76417;4742;5161
2014;12;11;22;384;273;8364;67092;67092;4576;4445
2014;12;11;23;384;273;6837;66277;66277;4286;3208
2014;12;12;00;384;158;5056;30534;30534;3958;1640
2014;12;12;01;384;94;4128;17333;17333;3994;612
2014;12;12;02;383;33;3651;6790;6790;3933;134
2014;12;12;03;383;7;3506;3178;3178;3833;63
2014;12;12;04;384;10;3505;2831;2831;3833;66
2014;12;12;05;384;9;3529;3053;3053;3874;48
2014;12;12;06;384;14;3485;4829;4829;3829;54
2014;12;12;07;384;48;6802;12228;12228;5223;2011
2014;12;12;08;384;262;42271;27408;27408;22375;20542
2014;12;12;09;384;353;74643;45133;45133;38448;36932
2014;12;12;10;384;449;73119;50770;50770;42225;31727
2014;12;12;11;384;541;65585;63916;63916;33843;32667
2014;12;12;12;383;484;60538;67935;67935;34051;27354
2014;12;12;13;384;402;42207;58020;58020;29334;13659
2014;12;12;14;384;333;31377;50489;50489;21064;11030
2014;12;12;15;384;360;32904;55379;55379;19008;14640
2014;12;12;16;384;438;40215;65785;65785;22714;18323
2014;12;12;17;384;374;37964;70941;70941;23305;15417
2014;12;12;18;384;350;27315;77859;77859;15540;12509
2014;12;12;19;384;324;15122;63571;63571;9005;6825
2014;12;12;20;384;218;8133;49363;49363;5522;3213
2014;12;12;21;384;193;6457;45156;45156;4776;2258
2014;12;12;22;366;182;5767;40619;40619;4169;2146
2014;12;12;23;380;165;5578;35589;35589;4553;1570
2014;12;13;00;383;92;4296;25242;25242;4017;754
2014;12;13;01;383;50;3655;12935;12935;3863;225
2014;12;13;02;384;17;3725;7767;7767;3827;299
2014;12;13;03;384;14;3621;4612;4612;3850;169
2014;12;13;04;384;4;3478;1945;1945;3826;40
2014;12;13;05;384;7;3446;2643;2643;3825;12
2014;12;13;06;384;6;3463;2271;2271;3820;33
2014;12;13;07;384;9;3622;2901;2901;3825;190
2014;12;13;08;384;53;4158;12343;12343;4054;541
2014;12;13;09;384;145;6701;26659;26659;4709;2521
2014;12;13;10;384;238;7764;52570;52570;4597;3789
2014;12;13;11;384;343;10460;66703;66703;6040;5147
2014;12;13;12;384;343;9326;70555;70555;5576;4477
2014;12;13;13;384;290;7338;65914;65914;5099;2913
2014;12;13;14;384;189;6216;49381;49381;4469;2320
2014;12;13;15;384;262;6731;56550;56550;4759;2618
2014;12;13;16;384;308;8522;58853;58853;5000;4214
2014;12;13;17;384;268;8663;65338;65338;5600;3715
2014;12;13;18;384;310;8257;65227;65227;5380;3571
2014;12;13;19;384;255;6896;55843;55843;5078;2457
2014;12;13;20;384;213;5261;48429;48429;4435;1423
2014;12;13;21;384;183;4950;38256;38256;4416;1101
2014;12;13;22;384;166;4497;33228;33228;4203;844
2014;12;13;23;384;127;4487;33371;33371;4235;763
2014;12;14;00;384;84;3988;21054;21054;4025;431
2014;12;14;01;384;45;3596;12037;12037;3874;151
2014;12;14;02;384;14;3591;5256;5256;3828;161
2014;12;14;03;384;16;3629;3229;3229;3825;204
2014;12;14;04;384;8;3588;2779;2779;3968;12
2014;12;14;05;384;4;3550;1387;1387;3933;5
2014;12;14;06;384;7;3472;1510;1510;3822;41
2014;12;14;07;384;10;3560;2386;2386;3826;128
2014;12;14;08;384;35;3645;7938;7938;3874;190
2014;12;14;09;384;112;5489;24825;24825;4470;1515
2014;12;14;10;384;219;6803;44334;44334;4522;2884
2014;12;14;11;384;400;7956;78050;78050;5190;3550
2014;12;14;12;384;425;9446;85832;85832;4513;5742
2014;12;14;13;384;355;6517;73055;73055;4952;2304
2014;12;14;14;384;247;5712;53635;53635;4601;1742
2014;12;14;15;384;326;8771;65274;65274;5462;4019
2014;12;14;16;384;348;9642;78369;78369;5827;4547
2014;12;14;17;384;442;11161;90539;90539;5351;6636
2014;12;14;18;384;488;12127;100874;100874;6098;6901
2014;12;14;19;384;481;10716;101560;101560;5070;6511
2014;12;14;20;384;427;8583;93252;93252;4921;4473
2014;12;14;21;384;403;7568;83124;83124;4940;3415
2014;12;14;22;384;344;7238;80355;80355;4708;3258
2014;12;14;23;384;298;5944;66615;66615;4512;2114
2014;12;15;00;384;149;5023;36199;36199;4124;1432
2014;12;15;01;384;82;4308;17419;17419;4062;712
2014;12;15;02;384;33;3815;7999;7999;4085;147
2014;12;15;03;384;14;3597;4266;4266;3839;156
2014;12;15;04;384;14;3513;3386;3386;3835;76
2014;12;15;05;383;9;3522;3216;3216;3825;89
2014;12;15;06;384;28;3673;6895;6895;3886;199
2014;12;15;07;384;73;6057;15109;15109;4615;1899
2014;12;15;08;384;289;38378;29304;29304;16807;22244
2014;12;15;09;384;464;68706;50232;50232;31971;37583
2014;12;15;10;384;643;93606;71862;71862;52698;41935
2014;12;15;11;384;728;90172;82966;82966;44168;47116
2014;12;15;12;383;701;92011;82954;82954;51882;41213
2014;12;15;13;384;539;56739;77466;77466;35415;22247
2014;12;15;14;384;494;41976;75397;75397;26856;15998
2014;12;15;15;384;666;72782;97238;97238;34999;38833
2014;12;15;16;384;655;63672;92275;92275;29210;35501
2014;12;15;17;384;657;59721;103576;103576;30978;29784
2014;12;15;18;384;677;50958;107997;107997;27513;24506
2014;12;15;19;384;618;27549;99322;99322;13252;15299
2014;12;15;20;384;496;15624;88818;88818;8034;8470
2014;12;15;21;384;476;8465;84813;84813;5314;4011
2014;12;15;22;384;424;7844;81051;81051;5069;3583
2014;12;15;23;384;325;6308;60445;60445;4497;2520
2014;12;16;00;384;148;5489;35562;35562;4141;1880
2014;12;16;01;384;66;4153;15159;15159;3881;722
2014;12;16;02;384;27;4075;8306;8306;3837;649
2014;12;16;03;384;13;3702;4811;4811;3846;253
2014;12;16;04;384;13;3490;3065;3065;3835;52
2014;12;16;05;384;10;3445;3062;3062;3828;11
2014;12;16;06;383;16;3485;6685;6685;3833;51
2014;12;16;07;384;62;5377;13591;13591;4674;1149
2014;12;16;08;384;258;38090;24345;24345;18964;19768
2014;12;16;09;384;527;67165;45249;45249;30483;37593
2014;12;16;10;384;552;75470;67504;67504;37095;39311
2014;12;16;11;384;666;94342;74666;74666;60780;34612
2014;12;16;12;384;550;82149;73110;73110;53610;29473
2014;12;16;13;384;556;51724;72049;72049;32786;19878
2014;12;16;14;384;458;42831;69129;69129;26001;17672
2014;12;16;15;384;557;57773;72130;72130;31957;26757
2014;12;16;16;384;616;54816;80251;80251;26034;29782
2014;12;16;17;384;572;61310;86654;86654;27970;34296
2014;12;16;18;384;632;65833;101396;101396;23561;43288
2014;12;16;19;384;552;30459;95047;95047;15040;16355
2014;12;16;20;384;390;13006;83350;83350;7516;6264
2014;12;16;21;384;386;7725;78881;78881;5554;2941
2014;12;16;22;380;317;8110;80644;80644;4738;4069
2014;12;16;23;384;301;6072;62139;62139;4664;2093
2014;12;17;00;383;171;5171;35932;35932;4168;1557
2014;12;17;01;384;76;4522;17535;17535;3891;1091
2014;12;17;02;383;27;4167;9157;9157;3924;653
2014;12;17;03;384;14;3896;4747;4747;3831;463
2014;12;17;04;384;12;3621;2803;2803;3834;183
2014;12;17;05;384;14;3478;3960;3960;3833;43
2014;12;17;06;384;8;3681;4824;4824;3827;246
2014;12;17;07;384;52;5791;11529;11529;4421;1806
2014;12;17;08;384;245;48252;29631;29631;23105;25776
2014;12;17;09;384;523;88887;57694;57694;45431;44363
2014;12;17;10;384;544;87996;73601;73601;49687;39237
2014;12;17;11;384;615;90968;82026;82026;46257;45710
2014;12;17;12;384;547;73351;79302;79302;42331;31951
2014;12;17;13;384;570;52819;77807;77807;33021;20752
2014;12;17;14;384;450;39861;75512;75512;23206;17489
2014;12;17;15;384;529;58806;84929;84929;29117;30602
2014;12;17;16;381;519;55706;95091;95091;30061;26545
2014;12;17;17;384;620;51668;99228;99228;24632;28040
2014;12;17;18;384;600;40563;92809;92809;19250;22297
2014;12;17;19;384;503;35247;91034;91034;20706;15428
2014;12;17;20;384;456;14009;88680;88680;8258;6591
2014;12;17;21;384;356;8519;87641;87641;5468;3791
2014;12;17;22;384;346;8431;83127;83127;5160;4001
2014;12;17;23;384;292;5999;67257;67257;4734;1941
2014;12;18;00;384;172;5143;44353;44353;4375;1324
2014;12;18;01;384;65;4564;18326;18326;3983;1030
2014;12;18;02;384;26;3906;9154;9154;3843;473
2014;12;18;03;384;22;3545;4999;4999;3836;115
2014;12;18;04;384;16;3483;4790;4790;3852;31
2014;12;18;05;384;19;3524;4389;4389;3926;1
2014;12;18;06;384;29;3805;7290;7290;4042;176
2014;12;18;07;384;77;6275;14847;14847;4726;2010
2014;12;18;08;384;237;35470;31004;31004;19319;16772
2014;12;18;09;384;391;64474;47962;47962;36123;29126
2014;12;18;10;384;510;62767;67321;67321;34821;28840
2014;12;18;11;384;601;74577;82860;82860;40382;35180
2014;12;18;12;383;558;73713;74044;74044;44828;29826
2014;12;18;13;384;515;50233;72551;72551;32631;18501
2014;12;18;14;384;383;35310;63270;63270;23435;12642
2014;12;18;15;384;484;44797;72747;72747;25827;19838
2014;12;18;16;384;477;42075;80242;80242;20435;22501
2014;12;18;17;384;570;46080;104557;104557;24006;23028
2014;12;18;18;384;544;50485;118580;118580;23224;28189
2014;12;18;19;384;429;27382;77837;77837;16768;11427
2014;12;18;20;384;349;10768;66267;66267;7918;3583
2014;12;18;21;384;308;7009;64687;64687;5342;2359
2014;12;18;22;384;249;5525;62416;62416;4426;1732
2014;12;18;23;384;236;5512;49394;49394;4426;1706
2014;12;19;00;383;136;5113;30808;30808;4153;1479
2014;12;19;01;384;96;3937;19055;19055;3910;507
2014;12;19;02;384;25;3506;6397;6397;3839;76
2014;12;19;03;384;13;3619;4486;4486;3924;92
2014;12;19;04;384;11;3448;3602;3602;3834;9
2014;12;19;05;384;9;3517;2367;2367;3826;84
2014;12;19;06;384;19;3670;4817;4817;3827;246
2014;12;19;07;384;48;6369;13359;13359;5650;1151
2014;12;19;08;384;196;33244;26645;26645;17904;15920
2014;12;19;09;384;418;44771;49408;49408;26278;19295
2014;12;19;10;384;427;49777;69317;69317;31619;18969
2014;12;19;11;384;498;57632;84324;84324;35874;22640
2014;12;19;12;384;679;54700;88773;88773;36355;19408
2014;12;19;13;384;398;39576;87861;87861;27780;12578
2014;12;19;14;384;398;26808;76988;76988;18127;9463
2014;12;19;15;384;433;41178;84389;84389;20436;21559
2014;12;19;16;384;430;57946;97257;97257;24934;33826
2014;12;19;17;384;429;48561;96018;96018;19657;29717
2014;12;19;18;384;358;20243;69925;69925;12292;8693
2014;12;19;19;384;292;10841;71772;71772;7410;4107
2014;12;19;20;384;303;7882;68140;68140;6067;2502
2014;12;19;21;384;249;5649;60323;60323;4804;1478
2014;12;19;22;384;196;4673;49642;49642;4495;758
2014;12;19;23;384;173;4565;46373;46373;4637;485
2014;12;20;00;384;106;4219;24251;24251;4152;557
2014;12;20;01;384;46;4061;14041;14041;3988;503
2014;12;20;02;384;38;4323;7967;7967;4426;319
2014;12;20;03;384;12;3708;3363;3363;3931;173
2014;12;20;04;384;13;3478;2673;2673;3848;27
2014;12;20;05;384;7;3433;2024;2024;3824;0
2014;12;20;06;384;6;3531;2003;2003;3820;101
2014;12;20;07;384;14;3506;4914;4914;3885;19
2014;12;20;08;384;67;3766;15165;15165;4075;142
2014;12;20;09;384;81;4575;25433;25433;4183;857
2014;12;20;10;384;266;5517;55432;55432;5235;932
2014;12;20;11;384;294;5373;67404;67404;4911;1140
2014;12;20;12;384;313;5251;69156;69156;4849;1099
2014;12;20;13;384;278;4919;59968;59968;4720;861
2014;12;20;14;384;226;4192;52489;52489;4486;316
2014;12;20;15;384;231;5303;49183;49183;4627;1291
2014;12;20;16;384;218;5553;48986;48986;4819;1336
2014;12;20;17;384;232;5629;54434;54434;4607;1638
2014;12;20;18;384;268;4469;52740;52740;4479;642
2014;12;20;19;384;238;4973;48059;48059;4804;791
2014;12;20;20;384;187;4499;39023;39023;4223;847
2014;12;20;21;384;158;4177;34024;34024;4191;528
2014;12;20;22;384;132;3987;33113;33113;4079;424
2014;12;20;23;384;156;4143;31209;31209;4133;550
2014;12;21;00;384;78;3883;19612;19612;4015;330
2014;12;21;01;384;45;3578;11338;11338;3856;151
2014;12;21;02;383;24;3543;5144;5144;3837;113
2014;12;21;03;384;18;3706;3769;3769;3949;159
2014;12;21;04;384;8;3469;2491;2491;3836;25
2014;12;21;05;384;7;3432;1486;1486;3823;0
2014;12;21;06;384;1;3430;992;992;3815;0
2014;12;21;07;384;14;3428;2239;2239;3826;0
2014;12;21;08;384;25;3578;8661;8661;3877;110
2014;12;21;09;384;85;4031;20949;20949;4110;390
2014;12;21;10;384;180;4968;39863;39863;4425;1107
2014;12;21;11;384;265;4890;58835;58835;4489;1050
2014;12;21;12;384;307;5098;62066;62066;4710;1079
2014;12;21;13;384;313;5345;57626;57626;4649;1393
2014;12;21;14;384;209;4433;49575;49575;4181;845
2014;12;21;15;384;266;6075;52050;52050;4697;2028
2014;12;21;16;384;261;6107;59685;59685;4709;2043
2014;12;21;17;384;309;5660;65872;65872;4465;1888
2014;12;21;18;384;346;6187;76867;76867;4937;1980
2014;12;21;19;384;275;6140;76447;76447;4847;1952
2014;12;21;20;384;336;4692;73296;73296;4423;989
2014;12;21;21;384;308;4435;65689;65689;4424;703
2014;12;21;22;381;217;4097;63271;63271;4192;503
2014;12;21;23;384;227;4766;53560;53560;4210;1167
2014;12;22;00;384;126;3937;28509;28509;4067;380
2014;12;22;01;384;57;3785;15976;15976;3875;351
2014;12;22;02;384;44;3624;8416;8416;3859;193
2014;12;22;03;384;9;3657;4741;4741;3823;227
2014;12;22;04;384;4;3502;2331;2331;3827;63
2014;12;22;05;384;12;3615;1857;1857;3885;126
2014;12;22;06;384;11;3553;3319;3319;3854;94
2014;12;22;07;384;56;4395;10291;10291;4406;429
2014;12;22;08;384;152;14238;24768;24768;9810;4964
2014;12;22;09;384;334;29283;62047;62047;17746;12255
2014;12;22;10;384;494;38716;97178;97178;24547;15047
2014;12;22;11;384;608;37125;106895;106895;25230;12887
2014;12;22;12;384;653;32166;110407;110407;23806;9397
2014;12;22;13;384;567;22129;107384;107384;16786;6294
2014;12;22;14;384;544;12513;96181;96181;9449;3992
2014;12;22;15;384;529;12834;98027;98027;7805;5942
2014;12;22;16;384;484;17020;90404;90404;10833;7055
2014;12;22;17;384;514;16976;98548;98548;11380;6494
2014;12;22;18;384;434;14186;90037;90037;10773;4231
2014;12;22;19;384;423;11880;89534;89534;8830;3857
2014;12;22;20;384;357;6932;77715;77715;5954;1719
2014;12;22;21;384;318;4161;66010;66010;4384;479
2014;12;22;22;384;273;4879;56959;56959;4573;963
2014;12;22;23;384;197;3687;48306;48306;4175;93
2014;12;23;00;384;128;3896;26671;26671;4058;350
2014;12;23;01;384;26;3659;11772;11772;3898;171
2014;12;23;02;384;38;3631;7484;7484;3866;187
2014;12;23;03;384;12;3766;5153;5153;3862;300
2014;12;23;04;384;7;3544;3951;3951;3888;47
2014;12;23;05;384;3;3434;2789;2789;3821;0
2014;12;23;06;384;8;3454;4001;4001;3822;24
2014;12;23;07;384;30;3543;7505;7505;3845;112
2014;12;23;08;384;101;5737;19371;19371;5127;1095
2014;12;23;09;384;263;12108;58172;58172;9319;3436
2014;12;23;10;384;433;17566;79156;79156;13349;5034
2014;12;23;11;384;422;16678;83153;83153;10922;6562
2014;12;23;12;384;426;15534;70219;70219;11483;4861
2014;12;23;13;384;347;9497;69025;69025;7912;2316
2014;12;23;14;384;232;5536;57154;57154;5473;679
2014;12;23;15;384;261;6459;52667;52667;5292;1812
2014;12;23;16;384;455;7757;56254;56254;5570;3026
2014;12;23;17;384;281;6444;61301;61301;4966;2143
2014;12;23;18;384;261;5396;57574;57574;4922;1119
2014;12;23;19;384;213;5047;45836;45836;4742;902
2014;12;23;20;384;226;4243;42863;42863;4297;556
2014;12;23;21;384;217;4282;40969;40969;4409;474
2014;12;23;22;384;194;3842;37278;37278;4228;192
2014;12;23;23;384;125;4042;28381;28381;4162;389
2014;12;24;00;384;78;3645;18949;18949;4024;83
2014;12;24;01;384;37;3432;9690;9690;3853;0
2014;12;24;02;384;27;3546;5539;5539;3855;102
2014;12;24;03;384;11;3454;2377;2377;3827;22
2014;12;24;04;384;1;3438;2082;2082;3823;0
2014;12;24;05;384;7;3434;1906;1906;3825;0
2014;12;24;06;384;9;3430;1439;1439;3823;0
2014;12;24;07;384;14;3451;3523;3523;3826;23
2014;12;24;08;384;66;3816;13255;13255;3967;299
2014;12;24;09;384;106;4585;28383;28383;4419;656
2014;12;24;10;384;203;4754;41017;41017;4491;850
2014;12;24;11;384;285;5802;48235;48235;4939;1532
2014;12;24;12;384;238;4786;49633;49633;4343;1065
2014;12;24;13;384;201;4080;38506;38506;4212;453
2014;12;24;14;384;125;4036;29475;29475;4385;160
2014;12;24;15;384;153;3884;31065;31065;4213;208
2014;12;24;16;384;146;4111;31218;31218;4495;146
2014;12;24;17;384;153;3955;30795;30795;4240;252
2014;12;24;18;384;127;3599;26120;26120;4108;2
2014;12;24;19;384;74;3614;18997;18997;4052;20
2014;12;24;20;384;76;3564;11507;11507;4024;0
2014;12;24;21;384;23;3593;6322;6322;4000;0
2014;12;24;22;384;17;3556;6189;6189;3957;0
2014;12;24;23;384;35;3601;7376;7376;4020;0
2014;12;25;00;384;20;3556;4430;4430;3960;0
2014;12;25;01;384;13;3458;5481;5481;3828;27
2014;12;25;02;384;13;3430;3552;3552;3827;0
2014;12;25;03;384;5;3438;1668;1668;3818;9
2014;12;25;04;384;5;3438;693;693;3827;0
2014;12;25;05;384;5;3433;1166;1166;3822;0
2014;12;25;06;384;3;3431;810;810;3818;0
2014;12;25;07;384;7;3431;1479;1479;3822;0
2014;12;25;08;384;8;3468;1826;1826;3860;0
2014;12;25;09;384;39;3600;6771;6771;4015;8
2014;12;25;10;384;49;3828;14103;14103;3994;267
2014;12;25;11;384;86;3623;19266;19266;4064;29
2014;12;25;12;384;88;3622;24298;24298;4046;48
2014;12;25;13;384;148;3694;22508;22508;4126;100
2014;12;25;14;384;71;3697;14987;14987;4043;109
2014;12;25;15;384;75;3916;19488;19488;4076;299
2014;12;25;16;384;96;3741;21823;21823;4065;156
2014;12;25;17;384;110;3992;27291;27291;4159;327
2014;12;25;18;384;143;3895;34913;34913;4292;130
2014;12;25;19;384;164;3756;33499;33499;4265;39
2014;12;25;20;384;129;3777;29010;29010;4078;212
2014;12;25;21;384;122;3743;29873;29873;4145;104
2014;12;25;22;384;78;3615;22406;22406;4037;40
2014;12;25;23;384;91;3785;19945;19945;4113;147
2014;12;26;00;384;64;3720;13662;13662;4012;156
2014;12;26;01;384;28;3438;9350;9350;3844;6
2014;12;26;02;384;14;3545;3784;3784;3871;72
2014;12;26;03;384;4;3429;1781;1781;3817;0
2014;12;26;04;384;2;3440;1524;1524;3826;0
2014;12;26;05;384;1;3433;1242;1242;3818;0
2014;12;26;06;384;11;3431;1545;1545;3826;0
2014;12;26;07;384;12;3459;3655;3655;3827;28
2014;12;26;08;384;54;4651;12214;12214;4420;669
2014;12;26;09;384;174;9662;35932;35932;6307;3913
2014;12;26;10;384;325;12092;60047;60047;8120;4681
2014;12;26;11;384;358;11828;72536;72536;7216;5354
2014;12;26;12;384;330;9577;69573;69573;6509;3782
2014;12;26;13;384;286;8744;57475;57475;7210;2204
2014;12;26;14;384;252;5499;46128;46128;5423;712
2014;12;26;15;384;240;5844;52436;52436;4679;1789
2014;12;26;16;384;281;8437;58797;58797;5349;3753
2014;12;26;17;384;284;7922;57232;57232;5667;2923
2014;12;26;18;384;222;6988;51267;51267;5262;2332
2014;12;26;19;384;213;5922;44200;44200;4867;1652
2014;12;26;20;384;190;4924;42172;42172;4576;922
2014;12;26;21;384;116;4280;31549;31549;4127;653
2014;12;26;22;384;148;3907;31901;31901;4119;320
2014;12;26;23;384;119;3755;25248;25248;4109;149
2014;12;27;00;384;67;3669;18812;18812;4004;116
2014;12;27;01;384;43;3621;11899;11899;4048;0
2014;12;27;02;383;11;3505;6584;6584;3847;52
2014;12;27;03;384;8;3551;3494;3494;3820;123
2014;12;27;04;384;16;3453;3108;3108;3839;14
2014;12;27;05;383;6;3467;2226;2226;3821;35
2014;12;27;06;383;9;3430;2716;2716;3822;0
2014;12;27;07;384;8;3513;3254;3254;3823;82
2014;12;27;08;384;72;4659;8241;8241;4468;647
2014;12;27;09;384;127;5891;21359;21359;4876;1526
2014;12;27;10;384;192;6600;38693;38693;4910;2266
2014;12;27;11;384;239;6744;57737;57737;4717;2650
2014;12;27;12;384;264;7616;56676;56676;5574;2690
2014;12;27;13;384;234;6319;51137;51137;5320;1617
2014;12;27;14;384;175;4521;36293;36293;4274;806
2014;12;27;15;384;183;6131;32105;32105;4670;2028
2014;12;27;16;384;195;6388;37825;37825;5266;1701
2014;12;27;17;384;197;7749;46356;46356;5577;2753
2014;12;27;18;384;182;6320;42014;42014;4938;1948
2014;12;27;19;384;144;5699;35161;35161;4646;1581
2014;12;27;20;384;128;4621;29754;29754;4428;705
2014;12;27;21;384;95;4014;24913;24913;4190;303
2014;12;27;22;384;111;3828;25614;25614;4120;203
2014;12;27;23;384;83;3848;20615;20615;4130;185
2014;12;28;00;384;46;3568;13479;13479;3984;14
2014;12;28;01;383;26;3440;6924;6924;3813;36
2014;12;28;02;384;16;3370;4470;4470;3768;2
2014;12;28;03;384;11;3428;3067;3067;3823;0
2014;12;28;04;384;3;3436;1846;1846;3823;0
2014;12;28;05;384;3;3435;1448;1448;3822;0
2014;12;28;06;384;12;3432;1214;1214;3825;3
2014;12;28;07;384;5;3515;1631;1631;3820;84
2014;12;28;08;384;19;3975;4612;4612;3869;509
2014;12;28;09;384;50;5089;13128;13128;4412;1111
2014;12;28;10;384;194;6673;35218;35218;4929;2322
2014;12;28;11;384;175;6333;46110;46110;4695;2197
2014;12;28;12;384;229;5620;47221;47221;4491;1742
2014;12;28;13;384;155;4372;40033;40033;4278;633
2014;12;28;14;384;137;4395;31610;31610;4370;546
2014;12;28;15;384;123;5421;29131;29131;4689;1239
2014;12;28;16;384;198;6011;41865;41865;5128;1465
2014;12;28;17;384;204;6503;44609;44609;4851;2240
2014;12;28;18;384;202;5555;44538;44538;4511;1630
2014;12;28;19;384;166;5209;37072;37072;4617;1142
2014;12;28;20;384;149;5200;36513;36513;4838;895
2014;12;28;21;384;145;4389;30207;30207;4361;557
2014;12;28;22;384;128;3952;31524;31524;4225;239
2014;12;28;23;384;78;4084;22681;22681;4161;385
2014;12;29;00;383;68;4159;16603;16603;4160;450
2014;12;29;01;384;30;3534;8688;8688;3849;99
2014;12;29;02;384;27;3485;4826;4826;3841;55
2014;12;29;03;384;6;3448;2803;2803;3822;16
2014;12;29;04;384;6;3439;1894;1894;3827;2
2014;12;29;05;384;3;3458;1788;1788;3845;0
2014;12;29;06;382;11;3455;1550;1550;3848;0
2014;12;29;07;384;12;3654;2969;2969;4001;49
2014;12;29;08;384;59;5121;11690;11690;4788;776
2014;12;29;09;384;148;12605;29215;29215;8659;4478
2014;12;29;10;384;271;13103;51289;51289;8694;5064
2014;12;29;11;384;299;15021;61212;61212;10450;5254
2014;12;29;12;384;333;10578;65219;65219;8295;3000
2014;12;29;13;384;279;8481;55309;55309;7112;2032
2014;12;29;14;384;199;5297;47700;47700;5054;826
2014;12;29;15;384;191;6163;46264;46264;5201;1537
2014;12;29;16;384;255;6648;54473;54473;4972;2315
2014;12;29;17;384;259;8514;53707;53707;6162;2995
2014;12;29;18;384;234;6427;50215;50215;4695;2350
2014;12;29;19;384;178;6194;43504;43504;4866;1890
2014;12;29;20;384;165;4943;33296;33296;4452;1040
2014;12;29;21;384;125;4162;33960;33960;4395;276
2014;12;29;22;384;109;3989;24709;24709;4105;377
2014;12;29;23;384;101;4089;28180;28180;4199;375
2014;12;30;00;384;57;3754;17837;17837;4025;170
2014;12;30;01;384;36;3602;8117;8117;3897;125
2014;12;30;02;384;17;3424;3751;3751;3825;0
2014;12;30;03;384;6;3476;2648;2648;3866;0
2014;12;30;04;384;2;3440;1800;1800;3826;0
2014;12;30;05;384;5;3432;1322;1322;3821;0
2014;12;30;06;384;5;3431;1768;1768;3820;0
2014;12;30;07;384;16;3585;4233;4233;3830;155
2014;12;30;08;384;46;4551;10289;10289;4057;924
2014;12;30;09;384;150;6946;27036;27036;5184;2296
2014;12;30;10;384;210;6557;45822;45822;4696;2455
2014;12;30;11;384;223;6842;52295;52295;4593;2856
2014;12;30;12;384;228;5901;51240;51240;4798;1715
2014;12;30;13;384;252;5678;48895;48895;4669;1645
2014;12;30;14;384;154;4581;37547;37547;4195;924
2014;12;30;15;384;179;5305;38888;38888;4759;1109
2014;12;30;16;384;201;6616;41710;41710;5111;2090
2014;12;30;17;384;211;5728;44815;44815;4389;1934
2014;12;30;18;384;215;5989;45051;45051;4672;1916
2014;12;30;19;384;163;5045;40113;40113;4604;988
2014;12;30;20;384;155;4738;32665;32665;4223;1054
2014;12;30;21;384;107;4126;26449;26449;4290;327
2014;12;30;22;384;79;4216;21365;21365;4233;446
2014;12;30;23;384;73;3903;20782;20782;4116;244
2014;12;31;00;384;73;3771;15626;15626;4014;214
2014;12;31;01;384;40;3599;8940;8940;3899;124
2014;12;31;02;384;18;3439;4551;4551;3833;8
2014;12;31;03;384;5;3705;3569;3569;3819;275
2014;12;31;04;384;10;3438;3493;3493;3830;2
2014;12;31;05;384;5;3475;2727;2727;3823;41
2014;12;31;06;224;0;1885;1251;1251;2109;0
